user_id,file_path,is_profile
1,/uploads/mock_male/photo6.png,TRUE
2,/uploads/mock_male/photo6.png,TRUE
3,/uploads/mock_male/photo0.png,TRUE
4,/uploads/mock_male/photo7.png,TRUE
5,/uploads/mock_male/photo7.png,TRUE
6,/uploads/mock_male/photo0.png,TRUE
7,/uploads/mock_male/photo5.png,TRUE
8,/uploads/mock_male/photo5.png,TRUE
9,/uploads/mock_male/photo1.png,TRUE
10,/uploads/mock_male/photo4.png,TRUE
11,/uploads/mock_male/photo6.png,TRUE
12,/uploads/mock_male/photo0.png,TRUE
13,/uploads/mock_male/photo5.png,TRUE
14,/uploads/mock_male/photo5.png,TRUE
15,/uploads/mock_male/photo7.png,TRUE
16,/uploads/mock_male/photo6.png,TRUE
17,/uploads/mock_male/photo3.png,TRUE
18,/uploads/mock_male/photo1.png,TRUE
19,/uploads/mock_male/photo0.png,TRUE
20,/uploads/mock_male/photo2.png,TRUE
21,/uploads/mock_male/photo5.png,TRUE
22,/uploads/mock_male/photo6.png,TRUE
23,/uploads/mock_male/photo4.png,TRUE
24,/uploads/mock_male/photo5.png,TRUE
25,/uploads/mock_male/photo7.png,TRUE
26,/uploads/mock_male/photo1.png,TRUE
27,/uploads/mock_male/photo2.png,TRUE
28,/uploads/mock_male/photo0.png,TRUE
29,/uploads/mock_male/photo7.png,TRUE
30,/uploads/mock_male/photo5.png,TRUE
31,/uploads/mock_male/photo2.png,TRUE
32,/uploads/mock_male/photo0.png,TRUE
33,/uploads/mock_male/photo2.png,TRUE
34,/uploads/mock_male/photo1.png,TRUE
35,/uploads/mock_male/photo4.png,TRUE
36,/uploads/mock_male/photo6.png,TRUE
37,/uploads/mock_male/photo0.png,TRUE
38,/uploads/mock_male/photo6.png,TRUE
39,/uploads/mock_male/photo2.png,TRUE
40,/uploads/mock_male/photo7.png,TRUE
41,/uploads/mock_male/photo3.png,TRUE
42,/uploads/mock_male/photo2.png,TRUE
43,/uploads/mock_male/photo0.png,TRUE
44,/uploads/mock_male/photo7.png,TRUE
45,/uploads/mock_male/photo6.png,TRUE
46,/uploads/mock_male/photo3.png,TRUE
47,/uploads/mock_male/photo5.png,TRUE
48,/uploads/mock_male/photo5.png,TRUE
49,/uploads/mock_male/photo3.png,TRUE
50,/uploads/mock_male/photo3.png,TRUE
51,/uploads/mock_male/photo3.png,TRUE
52,/uploads/mock_male/photo0.png,TRUE
53,/uploads/mock_male/photo6.png,TRUE
54,/uploads/mock_male/photo1.png,TRUE
55,/uploads/mock_male/photo4.png,TRUE
56,/uploads/mock_male/photo6.png,TRUE
57,/uploads/mock_male/photo0.png,TRUE
58,/uploads/mock_male/photo1.png,TRUE
59,/uploads/mock_male/photo6.png,TRUE
60,/uploads/mock_male/photo0.png,TRUE
61,/uploads/mock_male/photo3.png,TRUE
62,/uploads/mock_male/photo3.png,TRUE
63,/uploads/mock_male/photo0.png,TRUE
64,/uploads/mock_male/photo3.png,TRUE
65,/uploads/mock_male/photo2.png,TRUE
66,/uploads/mock_male/photo5.png,TRUE
67,/uploads/mock_male/photo5.png,TRUE
68,/uploads/mock_male/photo3.png,TRUE
69,/uploads/mock_male/photo3.png,TRUE
70,/uploads/mock_male/photo6.png,TRUE
71,/uploads/mock_male/photo0.png,TRUE
72,/uploads/mock_male/photo3.png,TRUE
73,/uploads/mock_male/photo5.png,TRUE
74,/uploads/mock_male/photo6.png,TRUE
75,/uploads/mock_male/photo3.png,TRUE
76,/uploads/mock_male/photo4.png,TRUE
77,/uploads/mock_male/photo0.png,TRUE
78,/uploads/mock_male/photo7.png,TRUE
79,/uploads/mock_male/photo3.png,TRUE
80,/uploads/mock_male/photo2.png,TRUE
81,/uploads/mock_male/photo0.png,TRUE
82,/uploads/mock_male/photo2.png,TRUE
83,/uploads/mock_male/photo4.png,TRUE
84,/uploads/mock_male/photo2.png,TRUE
85,/uploads/mock_male/photo2.png,TRUE
86,/uploads/mock_male/photo6.png,TRUE
87,/uploads/mock_male/photo0.png,TRUE
88,/uploads/mock_male/photo7.png,TRUE
89,/uploads/mock_male/photo3.png,TRUE
90,/uploads/mock_male/photo0.png,TRUE
91,/uploads/mock_male/photo6.png,TRUE
92,/uploads/mock_male/photo5.png,TRUE
93,/uploads/mock_male/photo7.png,TRUE
94,/uploads/mock_male/photo5.png,TRUE
95,/uploads/mock_male/photo1.png,TRUE
96,/uploads/mock_male/photo7.png,TRUE
97,/uploads/mock_male/photo3.png,TRUE
98,/uploads/mock_male/photo4.png,TRUE
99,/uploads/mock_male/photo6.png,TRUE
100,/uploads/mock_male/photo5.png,TRUE
101,/uploads/mock_male/photo2.png,TRUE
102,/uploads/mock_male/photo0.png,TRUE
103,/uploads/mock_male/photo3.png,TRUE
104,/uploads/mock_male/photo7.png,TRUE
105,/uploads/mock_male/photo3.png,TRUE
106,/uploads/mock_male/photo3.png,TRUE
107,/uploads/mock_male/photo0.png,TRUE
108,/uploads/mock_male/photo1.png,TRUE
109,/uploads/mock_male/photo3.png,TRUE
110,/uploads/mock_male/photo4.png,TRUE
111,/uploads/mock_male/photo7.png,TRUE
112,/uploads/mock_male/photo4.png,TRUE
113,/uploads/mock_male/photo4.png,TRUE
114,/uploads/mock_male/photo1.png,TRUE
115,/uploads/mock_male/photo0.png,TRUE
116,/uploads/mock_male/photo2.png,TRUE
117,/uploads/mock_male/photo2.png,TRUE
118,/uploads/mock_male/photo0.png,TRUE
119,/uploads/mock_male/photo7.png,TRUE
120,/uploads/mock_male/photo4.png,TRUE
121,/uploads/mock_male/photo5.png,TRUE
122,/uploads/mock_male/photo6.png,TRUE
123,/uploads/mock_male/photo7.png,TRUE
124,/uploads/mock_male/photo3.png,TRUE
125,/uploads/mock_male/photo4.png,TRUE
126,/uploads/mock_male/photo2.png,TRUE
127,/uploads/mock_male/photo5.png,TRUE
128,/uploads/mock_male/photo5.png,TRUE
129,/uploads/mock_male/photo7.png,TRUE
130,/uploads/mock_male/photo0.png,TRUE
131,/uploads/mock_male/photo4.png,TRUE
132,/uploads/mock_male/photo6.png,TRUE
133,/uploads/mock_male/photo0.png,TRUE
134,/uploads/mock_male/photo5.png,TRUE
135,/uploads/mock_male/photo3.png,TRUE
136,/uploads/mock_male/photo4.png,TRUE
137,/uploads/mock_male/photo2.png,TRUE
138,/uploads/mock_male/photo3.png,TRUE
139,/uploads/mock_male/photo0.png,TRUE
140,/uploads/mock_male/photo7.png,TRUE
141,/uploads/mock_male/photo3.png,TRUE
142,/uploads/mock_male/photo7.png,TRUE
143,/uploads/mock_male/photo6.png,TRUE
144,/uploads/mock_male/photo4.png,TRUE
145,/uploads/mock_male/photo7.png,TRUE
146,/uploads/mock_male/photo3.png,TRUE
147,/uploads/mock_male/photo2.png,TRUE
148,/uploads/mock_male/photo3.png,TRUE
149,/uploads/mock_male/photo2.png,TRUE
150,/uploads/mock_male/photo0.png,TRUE
151,/uploads/mock_male/photo1.png,TRUE
152,/uploads/mock_male/photo6.png,TRUE
153,/uploads/mock_male/photo3.png,TRUE
154,/uploads/mock_male/photo0.png,TRUE
155,/uploads/mock_male/photo4.png,TRUE
156,/uploads/mock_male/photo7.png,TRUE
157,/uploads/mock_male/photo3.png,TRUE
158,/uploads/mock_male/photo7.png,TRUE
159,/uploads/mock_male/photo2.png,TRUE
160,/uploads/mock_male/photo1.png,TRUE
161,/uploads/mock_male/photo7.png,TRUE
162,/uploads/mock_male/photo6.png,TRUE
163,/uploads/mock_male/photo7.png,TRUE
164,/uploads/mock_male/photo1.png,TRUE
165,/uploads/mock_male/photo2.png,TRUE
166,/uploads/mock_male/photo6.png,TRUE
167,/uploads/mock_male/photo1.png,TRUE
168,/uploads/mock_male/photo7.png,TRUE
169,/uploads/mock_male/photo5.png,TRUE
170,/uploads/mock_male/photo4.png,TRUE
171,/uploads/mock_male/photo2.png,TRUE
172,/uploads/mock_male/photo3.png,TRUE
173,/uploads/mock_male/photo4.png,TRUE
174,/uploads/mock_male/photo1.png,TRUE
175,/uploads/mock_male/photo5.png,TRUE
176,/uploads/mock_male/photo5.png,TRUE
177,/uploads/mock_male/photo6.png,TRUE
178,/uploads/mock_male/photo6.png,TRUE
179,/uploads/mock_male/photo2.png,TRUE
180,/uploads/mock_male/photo1.png,TRUE
181,/uploads/mock_male/photo3.png,TRUE
182,/uploads/mock_male/photo7.png,TRUE
183,/uploads/mock_male/photo0.png,TRUE
184,/uploads/mock_male/photo5.png,TRUE
185,/uploads/mock_male/photo2.png,TRUE
186,/uploads/mock_male/photo7.png,TRUE
187,/uploads/mock_male/photo3.png,TRUE
188,/uploads/mock_male/photo1.png,TRUE
189,/uploads/mock_male/photo7.png,TRUE
190,/uploads/mock_male/photo4.png,TRUE
191,/uploads/mock_male/photo4.png,TRUE
192,/uploads/mock_male/photo7.png,TRUE
193,/uploads/mock_male/photo6.png,TRUE
194,/uploads/mock_male/photo4.png,TRUE
195,/uploads/mock_male/photo1.png,TRUE
196,/uploads/mock_male/photo7.png,TRUE
197,/uploads/mock_male/photo2.png,TRUE
198,/uploads/mock_male/photo5.png,TRUE
199,/uploads/mock_male/photo0.png,TRUE
200,/uploads/mock_male/photo2.png,TRUE
201,/uploads/mock_male/photo1.png,TRUE
202,/uploads/mock_male/photo5.png,TRUE
203,/uploads/mock_male/photo6.png,TRUE
204,/uploads/mock_male/photo6.png,TRUE
205,/uploads/mock_male/photo7.png,TRUE
206,/uploads/mock_male/photo0.png,TRUE
207,/uploads/mock_male/photo3.png,TRUE
208,/uploads/mock_male/photo1.png,TRUE
209,/uploads/mock_male/photo2.png,TRUE
210,/uploads/mock_male/photo2.png,TRUE
211,/uploads/mock_male/photo7.png,TRUE
212,/uploads/mock_male/photo7.png,TRUE
213,/uploads/mock_male/photo4.png,TRUE
214,/uploads/mock_male/photo4.png,TRUE
215,/uploads/mock_male/photo6.png,TRUE
216,/uploads/mock_male/photo3.png,TRUE
217,/uploads/mock_male/photo3.png,TRUE
218,/uploads/mock_male/photo3.png,TRUE
219,/uploads/mock_male/photo0.png,TRUE
220,/uploads/mock_male/photo4.png,TRUE
221,/uploads/mock_male/photo3.png,TRUE
222,/uploads/mock_male/photo4.png,TRUE
223,/uploads/mock_male/photo1.png,TRUE
224,/uploads/mock_male/photo0.png,TRUE
225,/uploads/mock_male/photo4.png,TRUE
226,/uploads/mock_male/photo4.png,TRUE
227,/uploads/mock_male/photo3.png,TRUE
228,/uploads/mock_male/photo2.png,TRUE
229,/uploads/mock_male/photo5.png,TRUE
230,/uploads/mock_male/photo3.png,TRUE
231,/uploads/mock_male/photo3.png,TRUE
232,/uploads/mock_male/photo3.png,TRUE
233,/uploads/mock_male/photo1.png,TRUE
234,/uploads/mock_male/photo2.png,TRUE
235,/uploads/mock_male/photo2.png,TRUE
236,/uploads/mock_male/photo2.png,TRUE
237,/uploads/mock_male/photo6.png,TRUE
238,/uploads/mock_male/photo3.png,TRUE
239,/uploads/mock_male/photo3.png,TRUE
240,/uploads/mock_male/photo7.png,TRUE
241,/uploads/mock_male/photo1.png,TRUE
242,/uploads/mock_male/photo4.png,TRUE
243,/uploads/mock_male/photo5.png,TRUE
244,/uploads/mock_male/photo2.png,TRUE
245,/uploads/mock_male/photo0.png,TRUE
246,/uploads/mock_male/photo0.png,TRUE
247,/uploads/mock_male/photo0.png,TRUE
248,/uploads/mock_male/photo1.png,TRUE
249,/uploads/mock_male/photo4.png,TRUE
250,/uploads/mock_male/photo7.png,TRUE
251,/uploads/mock_female/photo1.png,TRUE
252,/uploads/mock_female/photo5.png,TRUE
253,/uploads/mock_female/photo1.png,TRUE
254,/uploads/mock_female/photo0.png,TRUE
255,/uploads/mock_female/photo1.png,TRUE
256,/uploads/mock_female/photo1.png,TRUE
257,/uploads/mock_female/photo1.png,TRUE
258,/uploads/mock_female/photo3.png,TRUE
259,/uploads/mock_female/photo7.png,TRUE
260,/uploads/mock_female/photo2.png,TRUE
261,/uploads/mock_female/photo5.png,TRUE
262,/uploads/mock_female/photo5.png,TRUE
263,/uploads/mock_female/photo0.png,TRUE
264,/uploads/mock_female/photo6.png,TRUE
265,/uploads/mock_female/photo2.png,TRUE
266,/uploads/mock_female/photo1.png,TRUE
267,/uploads/mock_female/photo4.png,TRUE
268,/uploads/mock_female/photo4.png,TRUE
269,/uploads/mock_female/photo1.png,TRUE
270,/uploads/mock_female/photo3.png,TRUE
271,/uploads/mock_female/photo2.png,TRUE
272,/uploads/mock_female/photo4.png,TRUE
273,/uploads/mock_female/photo5.png,TRUE
274,/uploads/mock_female/photo1.png,TRUE
275,/uploads/mock_female/photo3.png,TRUE
276,/uploads/mock_female/photo0.png,TRUE
277,/uploads/mock_female/photo0.png,TRUE
278,/uploads/mock_female/photo2.png,TRUE
279,/uploads/mock_female/photo4.png,TRUE
280,/uploads/mock_female/photo3.png,TRUE
281,/uploads/mock_female/photo0.png,TRUE
282,/uploads/mock_female/photo4.png,TRUE
283,/uploads/mock_female/photo7.png,TRUE
284,/uploads/mock_female/photo6.png,TRUE
285,/uploads/mock_female/photo1.png,TRUE
286,/uploads/mock_female/photo7.png,TRUE
287,/uploads/mock_female/photo6.png,TRUE
288,/uploads/mock_female/photo2.png,TRUE
289,/uploads/mock_female/photo5.png,TRUE
290,/uploads/mock_female/photo0.png,TRUE
291,/uploads/mock_female/photo7.png,TRUE
292,/uploads/mock_female/photo6.png,TRUE
293,/uploads/mock_female/photo2.png,TRUE
294,/uploads/mock_female/photo1.png,TRUE
295,/uploads/mock_female/photo7.png,TRUE
296,/uploads/mock_female/photo0.png,TRUE
297,/uploads/mock_female/photo1.png,TRUE
298,/uploads/mock_female/photo4.png,TRUE
299,/uploads/mock_female/photo6.png,TRUE
300,/uploads/mock_female/photo4.png,TRUE
301,/uploads/mock_female/photo7.png,TRUE
302,/uploads/mock_female/photo2.png,TRUE
303,/uploads/mock_female/photo0.png,TRUE
304,/uploads/mock_female/photo1.png,TRUE
305,/uploads/mock_female/photo6.png,TRUE
306,/uploads/mock_female/photo7.png,TRUE
307,/uploads/mock_female/photo6.png,TRUE
308,/uploads/mock_female/photo4.png,TRUE
309,/uploads/mock_female/photo2.png,TRUE
310,/uploads/mock_female/photo0.png,TRUE
311,/uploads/mock_female/photo7.png,TRUE
312,/uploads/mock_female/photo4.png,TRUE
313,/uploads/mock_female/photo6.png,TRUE
314,/uploads/mock_female/photo1.png,TRUE
315,/uploads/mock_female/photo5.png,TRUE
316,/uploads/mock_female/photo5.png,TRUE
317,/uploads/mock_female/photo5.png,TRUE
318,/uploads/mock_female/photo4.png,TRUE
319,/uploads/mock_female/photo2.png,TRUE
320,/uploads/mock_female/photo4.png,TRUE
321,/uploads/mock_female/photo6.png,TRUE
322,/uploads/mock_female/photo1.png,TRUE
323,/uploads/mock_female/photo2.png,TRUE
324,/uploads/mock_female/photo1.png,TRUE
325,/uploads/mock_female/photo5.png,TRUE
326,/uploads/mock_female/photo5.png,TRUE
327,/uploads/mock_female/photo1.png,TRUE
328,/uploads/mock_female/photo0.png,TRUE
329,/uploads/mock_female/photo7.png,TRUE
330,/uploads/mock_female/photo4.png,TRUE
331,/uploads/mock_female/photo4.png,TRUE
332,/uploads/mock_female/photo7.png,TRUE
333,/uploads/mock_female/photo0.png,TRUE
334,/uploads/mock_female/photo3.png,TRUE
335,/uploads/mock_female/photo3.png,TRUE
336,/uploads/mock_female/photo0.png,TRUE
337,/uploads/mock_female/photo7.png,TRUE
338,/uploads/mock_female/photo6.png,TRUE
339,/uploads/mock_female/photo7.png,TRUE
340,/uploads/mock_female/photo3.png,TRUE
341,/uploads/mock_female/photo5.png,TRUE
342,/uploads/mock_female/photo3.png,TRUE
343,/uploads/mock_female/photo2.png,TRUE
344,/uploads/mock_female/photo1.png,TRUE
345,/uploads/mock_female/photo3.png,TRUE
346,/uploads/mock_female/photo3.png,TRUE
347,/uploads/mock_female/photo0.png,TRUE
348,/uploads/mock_female/photo4.png,TRUE
349,/uploads/mock_female/photo1.png,TRUE
350,/uploads/mock_female/photo4.png,TRUE
351,/uploads/mock_female/photo7.png,TRUE
352,/uploads/mock_female/photo1.png,TRUE
353,/uploads/mock_female/photo0.png,TRUE
354,/uploads/mock_female/photo4.png,TRUE
355,/uploads/mock_female/photo3.png,TRUE
356,/uploads/mock_female/photo6.png,TRUE
357,/uploads/mock_female/photo6.png,TRUE
358,/uploads/mock_female/photo5.png,TRUE
359,/uploads/mock_female/photo6.png,TRUE
360,/uploads/mock_female/photo5.png,TRUE
361,/uploads/mock_female/photo0.png,TRUE
362,/uploads/mock_female/photo4.png,TRUE
363,/uploads/mock_female/photo5.png,TRUE
364,/uploads/mock_female/photo1.png,TRUE
365,/uploads/mock_female/photo5.png,TRUE
366,/uploads/mock_female/photo7.png,TRUE
367,/uploads/mock_female/photo4.png,TRUE
368,/uploads/mock_female/photo4.png,TRUE
369,/uploads/mock_female/photo7.png,TRUE
370,/uploads/mock_female/photo1.png,TRUE
371,/uploads/mock_female/photo5.png,TRUE
372,/uploads/mock_female/photo2.png,TRUE
373,/uploads/mock_female/photo3.png,TRUE
374,/uploads/mock_female/photo5.png,TRUE
375,/uploads/mock_female/photo6.png,TRUE
376,/uploads/mock_female/photo0.png,TRUE
377,/uploads/mock_female/photo7.png,TRUE
378,/uploads/mock_female/photo2.png,TRUE
379,/uploads/mock_female/photo3.png,TRUE
380,/uploads/mock_female/photo4.png,TRUE
381,/uploads/mock_female/photo1.png,TRUE
382,/uploads/mock_female/photo3.png,TRUE
383,/uploads/mock_female/photo5.png,TRUE
384,/uploads/mock_female/photo1.png,TRUE
385,/uploads/mock_female/photo4.png,TRUE
386,/uploads/mock_female/photo4.png,TRUE
387,/uploads/mock_female/photo7.png,TRUE
388,/uploads/mock_female/photo4.png,TRUE
389,/uploads/mock_female/photo6.png,TRUE
390,/uploads/mock_female/photo3.png,TRUE
391,/uploads/mock_female/photo7.png,TRUE
392,/uploads/mock_female/photo5.png,TRUE
393,/uploads/mock_female/photo6.png,TRUE
394,/uploads/mock_female/photo2.png,TRUE
395,/uploads/mock_female/photo1.png,TRUE
396,/uploads/mock_female/photo6.png,TRUE
397,/uploads/mock_female/photo7.png,TRUE
398,/uploads/mock_female/photo7.png,TRUE
399,/uploads/mock_female/photo0.png,TRUE
400,/uploads/mock_female/photo1.png,TRUE
401,/uploads/mock_female/photo7.png,TRUE
402,/uploads/mock_female/photo2.png,TRUE
403,/uploads/mock_female/photo0.png,TRUE
404,/uploads/mock_female/photo4.png,TRUE
405,/uploads/mock_female/photo1.png,TRUE
406,/uploads/mock_female/photo7.png,TRUE
407,/uploads/mock_female/photo6.png,TRUE
408,/uploads/mock_female/photo6.png,TRUE
409,/uploads/mock_female/photo3.png,TRUE
410,/uploads/mock_female/photo0.png,TRUE
411,/uploads/mock_female/photo5.png,TRUE
412,/uploads/mock_female/photo6.png,TRUE
413,/uploads/mock_female/photo5.png,TRUE
414,/uploads/mock_female/photo1.png,TRUE
415,/uploads/mock_female/photo0.png,TRUE
416,/uploads/mock_female/photo0.png,TRUE
417,/uploads/mock_female/photo5.png,TRUE
418,/uploads/mock_female/photo0.png,TRUE
419,/uploads/mock_female/photo4.png,TRUE
420,/uploads/mock_female/photo3.png,TRUE
421,/uploads/mock_female/photo3.png,TRUE
422,/uploads/mock_female/photo7.png,TRUE
423,/uploads/mock_female/photo1.png,TRUE
424,/uploads/mock_female/photo6.png,TRUE
425,/uploads/mock_female/photo5.png,TRUE
426,/uploads/mock_female/photo5.png,TRUE
427,/uploads/mock_female/photo7.png,TRUE
428,/uploads/mock_female/photo1.png,TRUE
429,/uploads/mock_female/photo7.png,TRUE
430,/uploads/mock_female/photo4.png,TRUE
431,/uploads/mock_female/photo0.png,TRUE
432,/uploads/mock_female/photo4.png,TRUE
433,/uploads/mock_female/photo2.png,TRUE
434,/uploads/mock_female/photo5.png,TRUE
435,/uploads/mock_female/photo6.png,TRUE
436,/uploads/mock_female/photo0.png,TRUE
437,/uploads/mock_female/photo1.png,TRUE
438,/uploads/mock_female/photo0.png,TRUE
439,/uploads/mock_female/photo1.png,TRUE
440,/uploads/mock_female/photo0.png,TRUE
441,/uploads/mock_female/photo5.png,TRUE
442,/uploads/mock_female/photo2.png,TRUE
443,/uploads/mock_female/photo1.png,TRUE
444,/uploads/mock_female/photo1.png,TRUE
445,/uploads/mock_female/photo7.png,TRUE
446,/uploads/mock_female/photo4.png,TRUE
447,/uploads/mock_female/photo6.png,TRUE
448,/uploads/mock_female/photo6.png,TRUE
449,/uploads/mock_female/photo7.png,TRUE
450,/uploads/mock_female/photo1.png,TRUE
451,/uploads/mock_female/photo2.png,TRUE
452,/uploads/mock_female/photo2.png,TRUE
453,/uploads/mock_female/photo3.png,TRUE
454,/uploads/mock_female/photo2.png,TRUE
455,/uploads/mock_female/photo6.png,TRUE
456,/uploads/mock_female/photo2.png,TRUE
457,/uploads/mock_female/photo3.png,TRUE
458,/uploads/mock_female/photo5.png,TRUE
459,/uploads/mock_female/photo5.png,TRUE
460,/uploads/mock_female/photo0.png,TRUE
461,/uploads/mock_female/photo7.png,TRUE
462,/uploads/mock_female/photo6.png,TRUE
463,/uploads/mock_female/photo2.png,TRUE
464,/uploads/mock_female/photo6.png,TRUE
465,/uploads/mock_female/photo5.png,TRUE
466,/uploads/mock_female/photo6.png,TRUE
467,/uploads/mock_female/photo0.png,TRUE
468,/uploads/mock_female/photo0.png,TRUE
469,/uploads/mock_female/photo7.png,TRUE
470,/uploads/mock_female/photo6.png,TRUE
471,/uploads/mock_female/photo4.png,TRUE
472,/uploads/mock_female/photo1.png,TRUE
473,/uploads/mock_female/photo4.png,TRUE
474,/uploads/mock_female/photo4.png,TRUE
475,/uploads/mock_female/photo1.png,TRUE
476,/uploads/mock_female/photo0.png,TRUE
477,/uploads/mock_female/photo1.png,TRUE
478,/uploads/mock_female/photo2.png,TRUE
479,/uploads/mock_female/photo4.png,TRUE
480,/uploads/mock_female/photo6.png,TRUE
481,/uploads/mock_female/photo5.png,TRUE
482,/uploads/mock_female/photo3.png,TRUE
483,/uploads/mock_female/photo7.png,TRUE
484,/uploads/mock_female/photo0.png,TRUE
485,/uploads/mock_female/photo5.png,TRUE
486,/uploads/mock_female/photo6.png,TRUE
487,/uploads/mock_female/photo0.png,TRUE
488,/uploads/mock_female/photo0.png,TRUE
489,/uploads/mock_female/photo2.png,TRUE
490,/uploads/mock_female/photo7.png,TRUE
491,/uploads/mock_female/photo1.png,TRUE
492,/uploads/mock_female/photo6.png,TRUE
493,/uploads/mock_female/photo5.png,TRUE
494,/uploads/mock_female/photo3.png,TRUE
495,/uploads/mock_female/photo5.png,TRUE
496,/uploads/mock_female/photo7.png,TRUE
497,/uploads/mock_female/photo3.png,TRUE
498,/uploads/mock_female/photo1.png,TRUE
499,/uploads/mock_female/photo5.png,TRUE
500,/uploads/mock_female/photo4.png,TRUE
